,cell type 1,cell type 2,cell type 3,cell type 4
1,1,0,0,0
2,0,1,0,0
3,0,0,1,0
4,1,0,0,0
5,0,0,1,0
6,0,1,0,0
7,1,0,0,0
8,1,0,0,0
9,0,0,0,1
10,0,1,0,0
11,0,0,0,1
12,0,0,0,1
13,0,0,0,1
14,0,0,0,1
15,0,0,0,1
16,0,1,0,0
17,1,0,0,0
18,0,0,1,0
19,0,0,0,1
20,1,0,0,0
21,1,0,0,0
22,0,0,0,1
23,0,0,0,1
24,0,0,0,1
25,0,0,0,1
26,0,0,0,1
27,0,0,1,0
28,0,0,0,1
29,0,0,1,0
30,0,0,0,1
31,0,1,0,0
32,0,0,1,0
33,1,0,0,0
34,0,0,0,1
35,0,0,0,1
36,0,1,0,0
37,1,0,0,0
38,1,0,0,0
39,0,0,1,0
40,0,0,0,1
41,1,0,0,0
42,0,0,1,0
43,1,0,0,0
44,0,0,0,1
45,1,0,0,0
46,0,0,0,1
47,0,0,0,1
48,0,0,0,1
49,0,0,0,1
50,0,1,0,0
51,1,0,0,0
52,0,1,0,0
53,0,0,1,0
54,0,0,0,1
55,0,0,0,1
56,0,1,0,0
57,0,0,0,1
58,0,0,0,1
59,1,0,0,0
60,0,1,0,0
61,0,0,1,0
62,0,1,0,0
63,0,0,1,0
64,1,0,0,0
65,0,0,0,1
66,0,1,0,0
67,1,0,0,0
68,0,1,0,0
69,0,0,0,1
70,0,1,0,0
71,1,0,0,0
72,1,0,0,0
73,0,0,0,1
74,0,0,1,0
75,0,1,0,0
76,0,1,0,0
77,0,0,0,1
78,0,0,1,0
79,0,0,0,1
80,0,1,0,0
81,0,1,0,0
82,0,1,0,0
83,0,0,0,1
84,1,0,0,0
85,1,0,0,0
86,0,0,0,1
87,0,0,1,0
88,0,1,0,0
89,1,0,0,0
90,1,0,0,0
91,0,0,1,0
92,0,0,0,1
93,0,0,0,1
94,0,0,0,1
95,0,0,0,1
96,0,0,0,1
97,0,0,1,0
98,1,0,0,0
99,0,0,1,0
100,0,0,0,1
101,1,0,0,0
102,1,0,0,0
103,0,1,0,0
104,1,0,0,0
105,0,0,0,1
106,0,1,0,0
107,0,0,0,1
108,0,0,1,0
109,0,0,1,0
110,0,1,0,0
111,0,0,0,1
112,0,0,1,0
113,0,0,0,1
114,1,0,0,0
115,0,1,0,0
116,0,1,0,0
117,0,0,1,0
118,1,0,0,0
119,1,0,0,0
120,1,0,0,0
121,0,0,0,1
122,0,0,0,1
123,0,1,0,0
124,0,0,0,1
125,0,0,0,1
126,1,0,0,0
127,0,1,0,0
128,0,0,1,0
129,0,0,1,0
130,1,0,0,0
131,0,0,0,1
132,0,0,0,1
133,0,1,0,0
134,0,0,0,1
135,0,0,0,1
136,0,1,0,0
137,0,0,0,1
138,1,0,0,0
139,0,1,0,0
140,1,0,0,0
141,0,0,1,0
142,0,0,0,1
143,1,0,0,0
144,0,0,0,1
145,0,1,0,0
146,0,0,0,1
147,0,1,0,0
148,0,0,1,0
149,1,0,0,0
150,0,1,0,0
151,0,0,1,0
152,1,0,0,0
153,1,0,0,0
154,1,0,0,0
155,0,0,1,0
156,1,0,0,0
157,0,1,0,0
158,0,0,1,0
159,0,0,0,1
160,0,0,1,0
161,0,0,0,1
162,0,0,1,0
163,0,0,0,1
164,0,0,0,1
165,0,1,0,0
166,0,0,0,1
167,1,0,0,0
168,0,0,0,1
169,0,0,0,1
170,0,0,0,1
171,0,1,0,0
172,0,1,0,0
173,0,1,0,0
174,1,0,0,0
175,0,0,0,1
176,0,1,0,0
177,0,1,0,0
178,1,0,0,0
179,0,0,1,0
180,0,0,0,1
181,0,0,0,1
182,0,0,0,1
183,0,0,1,0
184,0,0,0,1
185,0,0,0,1
186,0,0,0,1
187,0,1,0,0
188,0,0,0,1
189,0,1,0,0
190,0,1,0,0
191,0,0,0,1
192,0,0,0,1
193,0,1,0,0
194,0,0,0,1
195,0,0,0,1
196,0,1,0,0
197,0,0,1,0
198,0,1,0,0
199,0,0,0,1
200,1,0,0,0
201,1,0,0,0
202,0,0,1,0
203,0,0,1,0
204,0,1,0,0
205,1,0,0,0
206,0,0,0,1
207,1,0,0,0
208,1,0,0,0
209,1,0,0,0
210,0,0,1,0
211,0,0,0,1
212,0,0,0,1
213,0,0,0,1
214,0,0,1,0
215,0,0,1,0
216,0,1,0,0
217,1,0,0,0
218,1,0,0,0
219,0,1,0,0
220,0,0,0,1
221,0,1,0,0
222,0,1,0,0
223,0,1,0,0
224,0,0,0,1
225,0,0,0,1
226,0,0,1,0
227,0,0,0,1
228,0,0,0,1
229,0,0,0,1
230,0,1,0,0
231,0,0,0,1
232,0,1,0,0
233,0,1,0,0
234,0,1,0,0
235,0,0,0,1
236,0,0,0,1
237,0,0,1,0
238,0,1,0,0
239,1,0,0,0
240,0,0,0,1
241,0,0,0,1
242,0,0,0,1
243,0,0,0,1
244,0,0,1,0
245,1,0,0,0
246,0,0,0,1
247,0,0,0,1
248,1,0,0,0
249,1,0,0,0
250,0,0,0,1
251,0,1,0,0
252,0,1,0,0
253,0,0,1,0
254,0,0,0,1
255,0,0,0,1
256,0,1,0,0
257,0,1,0,0
258,0,0,0,1
259,0,0,0,1
260,0,1,0,0
261,1,0,0,0
262,0,1,0,0
263,1,0,0,0
264,0,0,0,1
265,0,1,0,0
266,0,1,0,0
267,0,0,0,1
268,0,0,0,1
269,1,0,0,0
270,0,0,0,1
271,0,0,0,1
272,0,0,0,1
273,0,1,0,0
274,0,0,0,1
275,0,1,0,0
276,1,0,0,0
277,0,0,0,1
278,1,0,0,0
279,0,0,0,1
280,0,0,0,1
281,0,0,1,0
282,0,0,1,0
283,0,0,1,0
284,0,0,1,0
285,0,1,0,0
286,0,0,1,0
287,0,0,0,1
288,0,0,0,1
289,1,0,0,0
290,0,0,0,1
291,0,1,0,0
292,0,0,0,1
293,0,0,1,0
294,0,0,1,0
295,0,0,0,1
296,0,0,0,1
297,0,1,0,0
298,1,0,0,0
299,0,0,1,0
300,0,0,0,1
301,0,0,1,0
302,0,0,0,1
303,0,0,0,1
304,0,0,0,1
305,0,0,0,1
306,0,0,0,1
307,1,0,0,0
308,0,0,1,0
309,0,0,0,1
310,0,0,0,1
311,1,0,0,0
312,0,1,0,0
313,0,0,1,0
314,0,0,0,1
315,0,0,0,1
316,0,0,0,1
317,0,1,0,0
318,1,0,0,0
319,1,0,0,0
320,0,0,0,1
321,0,0,1,0
322,0,0,1,0
323,0,0,0,1
324,0,0,1,0
325,0,0,0,1
326,0,0,0,1
327,0,0,1,0
328,0,0,0,1
329,0,0,1,0
330,0,0,1,0
331,0,0,0,1
332,0,1,0,0
333,0,1,0,0
334,0,0,1,0
335,0,0,0,1
336,0,0,0,1
337,0,0,0,1
338,1,0,0,0
339,1,0,0,0
340,1,0,0,0
341,0,0,0,1
342,0,0,1,0
343,0,0,0,1
344,0,0,1,0
345,0,1,0,0
346,1,0,0,0
347,1,0,0,0
348,0,0,1,0
349,0,1,0,0
350,0,0,1,0
351,0,0,1,0
352,0,0,1,0
353,0,0,0,1
354,0,1,0,0
355,0,0,0,1
356,0,0,0,1
357,0,0,0,1
358,0,1,0,0
359,0,0,1,0
360,0,0,1,0
361,1,0,0,0
362,1,0,0,0
363,0,0,0,1
364,0,0,1,0
365,0,1,0,0
366,0,0,1,0
367,1,0,0,0
368,0,0,0,1
369,0,1,0,0
370,0,0,0,1
371,1,0,0,0
372,0,1,0,0
373,1,0,0,0
374,0,1,0,0
375,0,0,0,1
376,0,0,1,0
377,0,0,0,1
378,0,0,0,1
379,0,0,1,0
380,0,0,0,1
381,0,0,0,1
382,0,1,0,0
383,1,0,0,0
384,0,1,0,0
385,0,0,0,1
386,0,0,0,1
387,0,0,0,1
388,0,1,0,0
389,0,0,1,0
390,0,0,0,1
391,0,0,0,1
392,0,0,0,1
393,0,0,1,0
394,0,0,0,1
395,0,0,0,1
396,0,0,0,1
397,1,0,0,0
398,0,0,1,0
399,0,0,1,0
400,0,1,0,0
401,0,0,1,0
402,0,0,1,0
403,0,0,0,1
404,0,0,0,1
405,0,0,1,0
406,0,1,0,0
407,0,1,0,0
408,0,0,0,1
409,0,0,0,1
410,0,1,0,0
411,0,1,0,0
412,1,0,0,0
413,0,0,1,0
414,0,0,0,1
415,1,0,0,0
416,0,1,0,0
417,0,0,0,1
418,0,1,0,0
419,0,0,0,1
420,1,0,0,0
421,0,0,1,0
422,0,0,0,1
423,0,0,1,0
424,0,0,0,1
425,0,0,1,0
426,0,0,0,1
427,0,1,0,0
428,0,1,0,0
429,0,0,0,1
430,0,1,0,0
431,0,1,0,0
432,1,0,0,0
433,0,0,0,1
434,0,1,0,0
435,0,0,0,1
436,1,0,0,0
437,1,0,0,0
438,1,0,0,0
439,0,1,0,0
440,0,0,1,0
441,0,0,0,1
442,0,0,1,0
443,0,1,0,0
444,0,0,0,1
445,0,0,0,1
446,0,0,0,1
447,1,0,0,0
448,0,0,1,0
449,0,0,0,1
450,0,1,0,0
451,0,1,0,0
452,0,0,0,1
453,0,0,0,1
454,0,0,1,0
455,0,0,0,1
456,1,0,0,0
457,0,0,0,1
458,0,1,0,0
459,0,0,0,1
460,0,0,0,1
461,0,0,1,0
462,0,0,0,1
463,0,1,0,0
464,0,1,0,0
465,1,0,0,0
466,0,0,0,1
467,0,0,1,0
468,0,0,0,1
469,0,1,0,0
470,0,0,0,1
471,0,0,0,1
472,0,0,0,1
473,1,0,0,0
474,0,0,0,1
475,0,0,0,1
476,0,0,1,0
477,1,0,0,0
478,0,0,1,0
479,0,0,0,1
480,0,0,0,1
481,0,0,0,1
482,1,0,0,0
483,0,0,0,1
484,1,0,0,0
485,0,0,0,1
486,0,0,0,1
487,0,0,1,0
488,0,0,0,1
489,0,0,0,1
490,1,0,0,0
491,0,0,0,1
492,0,0,1,0
493,1,0,0,0
494,0,1,0,0
495,0,0,0,1
496,1,0,0,0
497,1,0,0,0
498,0,0,0,1
499,0,0,0,1
500,0,0,1,0
501,1,0,0,0
502,0,0,0,1
503,0,0,1,0
504,0,0,1,0
505,0,0,1,0
506,0,0,0,1
507,0,0,1,0
508,0,0,0,1
509,1,0,0,0
510,1,0,0,0
511,0,0,1,0
512,0,1,0,0
513,0,0,0,1
514,0,0,0,1
515,0,0,1,0
516,0,0,0,1
517,0,0,0,1
518,0,0,0,1
519,0,0,1,0
520,0,0,0,1
521,0,1,0,0
522,0,1,0,0
523,1,0,0,0
524,0,0,1,0
525,0,1,0,0
526,0,0,0,1
527,0,0,0,1
528,0,0,1,0
529,0,1,0,0
530,0,1,0,0
531,0,1,0,0
532,0,0,0,1
533,0,0,0,1
534,1,0,0,0
535,1,0,0,0
536,1,0,0,0
537,1,0,0,0
538,0,0,0,1
539,0,0,0,1
540,0,1,0,0
541,0,1,0,0
542,1,0,0,0
543,1,0,0,0
544,0,0,0,1
545,0,1,0,0
546,0,1,0,0
547,1,0,0,0
548,0,1,0,0
549,0,0,0,1
550,0,1,0,0
551,0,0,0,1
552,0,1,0,0
553,0,0,0,1
554,1,0,0,0
555,0,0,0,1
556,0,0,0,1
557,0,1,0,0
558,0,1,0,0
559,0,1,0,0
560,0,0,0,1
561,0,0,0,1
562,0,0,0,1
563,0,0,0,1
564,0,0,0,1
565,0,0,1,0
566,1,0,0,0
567,0,0,0,1
568,0,0,0,1
569,0,0,1,0
570,0,0,0,1
571,0,0,1,0
572,1,0,0,0
573,0,0,1,0
574,1,0,0,0
575,1,0,0,0
576,0,1,0,0
577,0,0,0,1
578,0,0,0,1
579,1,0,0,0
580,0,1,0,0
581,0,0,1,0
582,0,1,0,0
583,0,0,1,0
584,1,0,0,0
585,1,0,0,0
586,0,0,0,1
587,0,0,1,0
588,1,0,0,0
589,0,0,0,1
590,0,0,1,0
591,0,0,0,1
592,0,0,0,1
593,0,1,0,0
594,0,1,0,0
595,0,0,0,1
596,0,1,0,0
597,1,0,0,0
598,1,0,0,0
599,0,1,0,0
600,0,0,0,1
601,0,1,0,0
602,0,1,0,0
603,0,0,1,0
604,0,0,0,1
605,0,1,0,0
606,0,0,0,1
607,0,1,0,0
608,0,0,1,0
609,0,1,0,0
610,1,0,0,0
611,0,0,0,1
612,1,0,0,0
613,0,1,0,0
614,1,0,0,0
615,0,0,0,1
616,1,0,0,0
617,0,0,0,1
618,0,0,0,1
619,0,1,0,0
620,0,0,0,1
621,0,0,0,1
622,0,0,0,1
623,1,0,0,0
624,0,0,0,1
625,0,0,0,1
626,0,1,0,0
627,0,0,1,0
628,0,0,0,1
629,1,0,0,0
630,0,1,0,0
631,0,0,0,1
632,0,1,0,0
633,0,1,0,0
634,1,0,0,0
635,0,0,0,1
636,1,0,0,0
637,0,0,0,1
638,1,0,0,0
639,0,0,0,1
640,1,0,0,0
641,0,0,0,1
642,1,0,0,0
643,0,0,0,1
644,0,0,1,0
645,0,0,0,1
646,0,0,0,1
647,0,0,0,1
648,0,1,0,0
649,0,0,0,1
650,0,0,0,1
651,0,0,1,0
652,1,0,0,0
653,0,0,0,1
654,1,0,0,0
655,0,0,0,1
656,0,0,0,1
657,0,0,0,1
658,0,1,0,0
659,0,0,1,0
660,0,0,0,1
661,0,1,0,0
662,0,0,0,1
663,0,0,1,0
664,0,1,0,0
665,0,1,0,0
666,0,0,0,1
667,0,1,0,0
668,0,0,0,1
669,0,0,1,0
670,0,0,0,1
671,0,1,0,0
672,1,0,0,0
673,0,1,0,0
674,1,0,0,0
675,0,1,0,0
676,0,1,0,0
677,1,0,0,0
678,1,0,0,0
679,0,0,0,1
680,0,1,0,0
681,0,0,0,1
682,1,0,0,0
683,0,1,0,0
684,0,1,0,0
685,0,0,1,0
686,0,0,0,1
687,0,0,0,1
688,0,0,0,1
689,1,0,0,0
690,0,0,0,1
691,0,1,0,0
692,0,0,1,0
693,0,1,0,0
694,1,0,0,0
695,0,0,0,1
696,0,0,1,0
697,0,0,0,1
698,1,0,0,0
699,0,1,0,0
700,0,0,1,0
701,1,0,0,0
702,0,0,0,1
703,1,0,0,0
704,0,0,0,1
705,0,0,1,0
706,1,0,0,0
707,0,0,0,1
708,0,0,0,1
709,0,0,1,0
710,0,1,0,0
711,1,0,0,0
712,0,0,0,1
713,1,0,0,0
714,0,0,1,0
715,0,0,0,1
716,0,0,0,1
717,0,0,0,1
718,0,0,0,1
719,0,0,0,1
720,0,0,1,0
721,0,0,1,0
722,0,0,1,0
723,0,0,0,1
724,0,1,0,0
725,0,0,0,1
726,0,0,1,0
727,1,0,0,0
728,0,1,0,0
729,0,0,0,1
730,0,0,1,0
731,0,0,0,1
732,1,0,0,0
733,1,0,0,0
734,0,0,0,1
735,0,1,0,0
736,0,0,1,0
737,1,0,0,0
738,0,0,0,1
739,0,1,0,0
740,0,0,0,1
741,0,1,0,0
742,0,0,0,1
743,0,1,0,0
744,1,0,0,0
745,1,0,0,0
746,1,0,0,0
747,1,0,0,0
748,0,0,1,0
749,0,0,0,1
750,0,1,0,0
751,0,0,0,1
752,0,1,0,0
753,0,0,0,1
754,0,1,0,0
755,0,0,0,1
756,0,1,0,0
757,0,0,1,0
758,0,0,1,0
759,0,0,1,0
760,0,0,1,0
761,0,1,0,0
762,0,1,0,0
763,0,0,0,1
764,0,0,0,1
765,0,1,0,0
766,1,0,0,0
767,0,1,0,0
768,1,0,0,0
769,0,0,0,1
770,1,0,0,0
771,1,0,0,0
772,0,0,1,0
773,0,0,0,1
774,0,1,0,0
775,0,0,1,0
776,0,0,0,1
777,0,1,0,0
778,0,0,0,1
779,0,0,1,0
780,1,0,0,0
781,0,1,0,0
782,0,0,0,1
783,1,0,0,0
784,1,0,0,0
785,0,0,0,1
786,0,1,0,0
787,0,0,0,1
788,1,0,0,0
789,0,0,1,0
790,1,0,0,0
791,0,0,0,1
792,0,0,0,1
793,0,0,1,0
794,1,0,0,0
795,0,0,0,1
796,0,1,0,0
797,0,0,0,1
798,0,0,0,1
799,0,0,1,0
800,0,0,0,1
801,0,0,1,0
802,0,1,0,0
803,0,0,0,1
804,1,0,0,0
805,0,0,0,1
806,1,0,0,0
807,0,1,0,0
808,0,0,0,1
809,0,1,0,0
810,0,0,0,1
811,0,0,0,1
812,0,1,0,0
813,1,0,0,0
814,0,0,0,1
815,0,0,0,1
816,0,0,1,0
817,0,0,1,0
818,0,0,1,0
819,0,1,0,0
820,0,1,0,0
821,0,0,0,1
822,0,0,0,1
823,0,0,0,1
824,0,0,0,1
825,0,0,1,0
826,1,0,0,0
827,0,0,0,1
828,0,1,0,0
829,1,0,0,0
830,0,1,0,0
831,0,0,0,1
832,0,1,0,0
833,0,0,1,0
834,0,0,0,1
835,1,0,0,0
836,0,1,0,0
837,0,0,1,0
838,0,0,0,1
839,0,1,0,0
840,1,0,0,0
841,0,1,0,0
842,1,0,0,0
843,0,0,0,1
844,1,0,0,0
845,0,1,0,0
846,0,0,1,0
847,0,0,0,1
848,0,0,1,0
849,0,1,0,0
850,0,1,0,0
851,1,0,0,0
852,0,0,0,1
853,0,0,0,1
854,0,0,0,1
855,1,0,0,0
856,0,1,0,0
857,0,1,0,0
858,1,0,0,0
859,1,0,0,0
860,1,0,0,0
861,0,0,0,1
862,0,0,1,0
863,0,0,0,1
864,1,0,0,0
865,0,1,0,0
866,0,1,0,0
867,0,0,0,1
868,0,1,0,0
869,0,0,0,1
870,0,1,0,0
871,0,0,0,1
872,0,0,1,0
873,1,0,0,0
874,0,1,0,0
875,0,1,0,0
876,0,1,0,0
877,0,0,0,1
878,0,1,0,0
879,0,0,0,1
880,0,0,0,1
881,1,0,0,0
882,0,0,0,1
883,0,0,1,0
884,0,0,0,1
885,0,1,0,0
886,0,0,0,1
887,0,1,0,0
888,0,1,0,0
889,0,0,0,1
890,1,0,0,0
891,0,1,0,0
892,0,0,0,1
893,0,0,1,0
894,1,0,0,0
895,1,0,0,0
896,1,0,0,0
897,0,0,0,1
898,1,0,0,0
899,0,0,0,1
900,1,0,0,0
901,0,1,0,0
902,1,0,0,0
903,0,0,0,1
904,0,0,1,0
905,0,1,0,0
906,1,0,0,0
907,1,0,0,0
908,1,0,0,0
909,0,0,1,0
910,1,0,0,0
911,0,1,0,0
912,0,0,0,1
913,1,0,0,0
914,0,0,1,0
915,1,0,0,0
916,0,0,0,1
917,0,1,0,0
918,0,0,1,0
919,0,0,0,1
920,0,0,0,1
921,0,0,1,0
922,0,0,1,0
923,0,1,0,0
924,0,1,0,0
925,0,1,0,0
926,0,0,0,1
927,0,0,0,1
928,0,0,1,0
929,0,0,0,1
930,0,1,0,0
931,0,0,0,1
932,0,0,0,1
933,0,1,0,0
934,0,0,0,1
935,0,1,0,0
936,0,0,0,1
937,0,0,1,0
938,1,0,0,0
939,1,0,0,0
940,1,0,0,0
941,1,0,0,0
942,0,1,0,0
943,0,0,0,1
944,0,0,1,0
945,0,0,1,0
946,0,0,1,0
947,0,0,1,0
948,0,0,0,1
949,0,0,0,1
950,1,0,0,0
951,1,0,0,0
952,1,0,0,0
953,1,0,0,0
954,0,0,0,1
955,0,1,0,0
956,0,0,0,1
957,1,0,0,0
958,1,0,0,0
959,0,0,1,0
960,0,0,0,1
961,0,1,0,0
962,0,1,0,0
963,0,0,0,1
964,1,0,0,0
965,1,0,0,0
966,0,1,0,0
967,0,1,0,0
968,1,0,0,0
969,1,0,0,0
970,0,0,0,1
971,0,0,0,1
972,0,0,0,1
973,0,0,0,1
974,0,0,0,1
975,0,0,0,1
976,0,0,0,1
977,0,0,0,1
978,0,0,1,0
979,1,0,0,0
980,0,1,0,0
981,1,0,0,0
982,0,1,0,0
983,1,0,0,0
984,0,0,1,0
985,1,0,0,0
986,0,0,0,1
987,0,0,0,1
988,1,0,0,0
989,0,0,1,0
990,0,0,1,0
991,0,0,0,1
992,0,0,0,1
993,1,0,0,0
994,0,1,0,0
995,0,0,0,1
996,0,1,0,0
997,0,1,0,0
998,1,0,0,0
999,0,0,1,0
1000,1,0,0,0
1001,0,0,1,0
1002,0,1,0,0
1003,0,0,0,1
1004,0,0,1,0
1005,1,0,0,0
1006,0,1,0,0
1007,0,1,0,0
1008,0,0,1,0
1009,0,0,1,0
1010,0,0,1,0
1011,0,0,0,1
1012,0,0,1,0
1013,0,1,0,0
1014,1,0,0,0
1015,0,0,0,1
1016,0,1,0,0
1017,1,0,0,0
1018,0,0,1,0
1019,0,1,0,0
1020,0,1,0,0
1021,1,0,0,0
1022,0,0,0,1
1023,0,0,0,1
1024,0,0,0,1
1025,0,0,1,0
1026,0,0,0,1
1027,0,0,1,0
1028,1,0,0,0
1029,0,0,0,1
1030,0,0,1,0
1031,0,0,0,1
1032,0,0,1,0
1033,0,0,0,1
1034,0,0,0,1
1035,0,1,0,0
1036,1,0,0,0
1037,0,0,1,0
1038,0,1,0,0
1039,0,1,0,0
1040,1,0,0,0
1041,0,1,0,0
1042,0,0,0,1
1043,1,0,0,0
1044,0,1,0,0
1045,0,1,0,0
1046,0,0,1,0
1047,0,0,1,0
1048,0,0,0,1
1049,0,0,1,0
1050,0,0,1,0
1051,0,0,0,1
1052,1,0,0,0
1053,0,0,1,0
1054,0,1,0,0
1055,0,0,0,1
1056,1,0,0,0
1057,1,0,0,0
1058,0,0,0,1
1059,0,1,0,0
1060,0,1,0,0
1061,0,0,1,0
1062,0,0,0,1
1063,1,0,0,0
1064,0,0,0,1
1065,0,1,0,0
1066,0,1,0,0
1067,1,0,0,0
1068,0,0,0,1
1069,0,0,0,1
1070,0,0,1,0
1071,0,1,0,0
1072,1,0,0,0
1073,0,1,0,0
1074,1,0,0,0
1075,0,0,0,1
1076,0,0,0,1
1077,0,0,0,1
1078,0,0,1,0
1079,1,0,0,0
1080,0,0,1,0
1081,0,0,0,1
1082,0,0,1,0
1083,0,0,1,0
1084,0,0,0,1
1085,0,0,0,1
1086,0,1,0,0
1087,0,0,0,1
1088,0,1,0,0
1089,0,0,0,1
1090,0,0,0,1
1091,0,0,0,1
1092,0,0,0,1
1093,0,0,1,0
1094,0,1,0,0
1095,0,0,1,0
1096,0,0,1,0
1097,1,0,0,0
1098,0,0,1,0
1099,1,0,0,0
1100,0,0,1,0
1101,1,0,0,0
1102,1,0,0,0
1103,0,0,0,1
1104,1,0,0,0
1105,0,0,0,1
1106,0,0,0,1
1107,1,0,0,0
1108,0,1,0,0
1109,0,0,0,1
1110,0,0,0,1
1111,0,0,0,1
1112,0,0,1,0
1113,0,1,0,0
1114,0,0,0,1
1115,0,0,1,0
1116,0,0,0,1
1117,0,0,0,1
1118,0,0,0,1
1119,0,1,0,0
1120,1,0,0,0
1121,0,0,1,0
1122,0,0,0,1
1123,0,1,0,0
1124,0,0,0,1
1125,0,0,0,1
1126,0,1,0,0
1127,0,0,1,0
1128,0,0,0,1
1129,0,0,0,1
1130,0,0,0,1
1131,1,0,0,0
1132,0,1,0,0
1133,0,0,0,1
1134,1,0,0,0
1135,0,0,0,1
1136,0,1,0,0
1137,0,0,0,1
1138,0,0,0,1
1139,0,1,0,0
1140,0,0,1,0
1141,0,0,1,0
1142,0,0,0,1
1143,0,0,0,1
1144,0,1,0,0
1145,0,0,0,1
1146,1,0,0,0
1147,1,0,0,0
1148,0,1,0,0
1149,1,0,0,0
1150,0,0,0,1
1151,1,0,0,0
1152,0,0,0,1
1153,0,1,0,0
1154,0,1,0,0
1155,0,0,0,1
1156,0,0,0,1
1157,0,0,1,0
1158,0,0,0,1
1159,0,0,0,1
1160,1,0,0,0
1161,0,0,0,1
1162,0,0,0,1
1163,1,0,0,0
1164,0,0,0,1
1165,0,1,0,0
1166,0,0,0,1
1167,1,0,0,0
1168,1,0,0,0
1169,0,0,0,1
1170,1,0,0,0
1171,0,1,0,0
1172,1,0,0,0
1173,1,0,0,0
1174,0,0,0,1
1175,0,0,0,1
1176,0,1,0,0
1177,0,1,0,0
1178,1,0,0,0
1179,0,0,0,1
1180,0,0,0,1
1181,1,0,0,0
1182,0,0,1,0
1183,0,1,0,0
1184,0,1,0,0
1185,1,0,0,0
1186,0,0,1,0
1187,0,0,0,1
1188,0,0,1,0
1189,1,0,0,0
1190,1,0,0,0
1191,0,0,1,0
1192,0,1,0,0
1193,0,0,0,1
1194,0,1,0,0
1195,0,1,0,0
1196,0,0,0,1
1197,1,0,0,0
1198,0,0,1,0
1199,0,1,0,0
1200,0,1,0,0
1201,0,0,0,1
1202,0,1,0,0
1203,0,1,0,0
1204,0,1,0,0
1205,0,1,0,0
1206,1,0,0,0
1207,0,1,0,0
1208,0,0,0,1
1209,0,0,0,1
1210,1,0,0,0
1211,0,0,0,1
1212,0,0,0,1
1213,0,0,1,0
1214,1,0,0,0
1215,1,0,0,0
1216,1,0,0,0
1217,1,0,0,0
1218,0,0,0,1
1219,0,1,0,0
1220,1,0,0,0
1221,0,0,0,1
1222,0,0,0,1
1223,0,0,0,1
1224,1,0,0,0
1225,0,0,0,1
1226,0,0,0,1
1227,1,0,0,0
1228,0,0,0,1
1229,0,0,0,1
1230,0,0,0,1
1231,1,0,0,0
1232,0,1,0,0
1233,1,0,0,0
1234,0,0,0,1
1235,0,0,1,0
1236,0,0,0,1
1237,0,0,0,1
1238,0,1,0,0
1239,0,0,0,1
1240,0,0,1,0
1241,1,0,0,0
1242,0,1,0,0
1243,0,0,0,1
1244,0,0,0,1
1245,0,0,0,1
1246,0,0,0,1
1247,1,0,0,0
1248,0,1,0,0
1249,0,0,0,1
1250,0,1,0,0
1251,0,0,1,0
1252,0,0,0,1
1253,0,0,1,0
1254,0,0,0,1
1255,0,0,0,1
1256,0,0,0,1
1257,0,1,0,0
1258,0,0,1,0
1259,0,0,0,1
1260,1,0,0,0
1261,0,0,0,1
1262,0,0,0,1
1263,0,1,0,0
1264,0,0,0,1
1265,0,1,0,0
1266,0,1,0,0
1267,0,0,1,0
1268,0,0,0,1
1269,0,0,0,1
1270,0,0,0,1
1271,0,0,0,1
1272,1,0,0,0
1273,0,1,0,0
1274,0,0,1,0
1275,0,1,0,0
1276,1,0,0,0
1277,0,1,0,0
1278,0,0,0,1
1279,1,0,0,0
1280,0,0,0,1
1281,0,0,0,1
1282,0,1,0,0
1283,0,0,0,1
1284,0,0,0,1
1285,0,0,0,1
1286,0,0,0,1
1287,1,0,0,0
1288,1,0,0,0
1289,0,0,0,1
1290,0,1,0,0
1291,0,0,1,0
1292,0,0,1,0
1293,0,0,0,1
1294,0,0,1,0
1295,0,0,0,1
1296,0,0,0,1
1297,0,0,0,1
1298,1,0,0,0
1299,0,0,0,1
1300,0,1,0,0
1301,0,1,0,0
1302,0,0,0,1
1303,0,1,0,0
1304,0,0,0,1
1305,1,0,0,0
1306,1,0,0,0
1307,0,0,1,0
1308,1,0,0,0
1309,0,0,1,0
1310,0,0,0,1
1311,0,1,0,0
1312,0,0,1,0
1313,0,0,0,1
1314,1,0,0,0
1315,0,1,0,0
1316,0,0,1,0
1317,0,0,0,1
1318,0,0,1,0
1319,0,0,1,0
1320,0,1,0,0
1321,0,0,0,1
1322,0,0,0,1
1323,0,0,1,0
1324,1,0,0,0
1325,1,0,0,0
1326,1,0,0,0
1327,0,0,0,1
1328,0,0,0,1
1329,0,0,0,1
1330,0,0,0,1
1331,0,0,1,0
1332,1,0,0,0
1333,0,0,0,1
1334,0,1,0,0
1335,0,1,0,0
1336,1,0,0,0
1337,1,0,0,0
1338,0,0,0,1
1339,0,1,0,0
1340,1,0,0,0
1341,0,0,0,1
1342,0,0,0,1
1343,0,1,0,0
1344,1,0,0,0
1345,0,0,1,0
1346,0,0,1,0
1347,0,1,0,0
1348,1,0,0,0
1349,0,0,0,1
1350,0,0,0,1
1351,0,1,0,0
1352,0,0,1,0
1353,0,0,1,0
1354,1,0,0,0
1355,0,0,0,1
1356,0,1,0,0
1357,0,1,0,0
1358,1,0,0,0
1359,0,0,1,0
1360,1,0,0,0
1361,0,0,0,1
1362,0,0,0,1
1363,1,0,0,0
1364,0,0,0,1
1365,0,0,0,1
1366,0,0,0,1
1367,0,1,0,0
1368,1,0,0,0
1369,0,1,0,0
1370,0,0,0,1
1371,0,0,0,1
1372,0,1,0,0
1373,0,0,0,1
1374,0,0,0,1
1375,0,0,0,1
1376,0,0,1,0
1377,1,0,0,0
1378,0,0,0,1
1379,0,0,1,0
1380,0,0,1,0
1381,0,0,0,1
1382,0,0,0,1
1383,1,0,0,0
1384,0,0,1,0
1385,0,0,0,1
1386,0,1,0,0
1387,0,0,0,1
1388,1,0,0,0
1389,0,0,0,1
1390,0,1,0,0
1391,1,0,0,0
1392,0,0,1,0
1393,0,0,0,1
1394,0,0,1,0
1395,1,0,0,0
1396,0,1,0,0
1397,0,0,0,1
1398,0,0,1,0
1399,1,0,0,0
1400,0,0,0,1
1401,0,1,0,0
1402,0,0,1,0
1403,0,0,0,1
1404,0,0,0,1
1405,0,0,1,0
1406,1,0,0,0
1407,0,0,0,1
1408,0,0,0,1
1409,0,0,0,1
1410,0,0,0,1
1411,0,0,0,1
1412,1,0,0,0
1413,0,0,1,0
1414,0,0,0,1
1415,1,0,0,0
1416,0,0,1,0
1417,0,1,0,0
1418,0,1,0,0
1419,1,0,0,0
1420,0,0,1,0
1421,0,0,0,1
1422,1,0,0,0
1423,0,0,0,1
1424,0,0,0,1
1425,1,0,0,0
1426,1,0,0,0
1427,1,0,0,0
1428,0,0,0,1
1429,0,0,0,1
1430,0,0,1,0
1431,0,1,0,0
1432,1,0,0,0
1433,0,0,0,1
1434,0,0,1,0
1435,0,0,1,0
1436,0,0,0,1
1437,0,0,1,0
1438,0,1,0,0
1439,0,1,0,0
1440,0,1,0,0
1441,0,0,0,1
1442,0,1,0,0
1443,0,1,0,0
1444,1,0,0,0
1445,0,0,0,1
1446,0,1,0,0
1447,0,0,0,1
1448,1,0,0,0
1449,0,1,0,0
1450,1,0,0,0
1451,0,1,0,0
1452,0,0,0,1
1453,1,0,0,0
1454,0,0,0,1
1455,0,0,0,1
1456,1,0,0,0
1457,0,0,0,1
1458,0,1,0,0
1459,0,1,0,0
1460,0,1,0,0
1461,0,0,0,1
1462,0,0,0,1
1463,1,0,0,0
1464,0,0,1,0
1465,0,0,0,1
1466,0,1,0,0
1467,0,0,0,1
1468,0,0,0,1
1469,0,0,0,1
1470,0,0,1,0
1471,0,0,0,1
1472,1,0,0,0
1473,0,0,1,0
1474,0,1,0,0
1475,1,0,0,0
1476,1,0,0,0
1477,0,1,0,0
1478,0,0,1,0
1479,0,0,1,0
1480,0,0,0,1
1481,0,0,0,1
1482,0,1,0,0
1483,1,0,0,0
1484,0,0,0,1
1485,0,0,1,0
1486,0,0,0,1
1487,1,0,0,0
1488,0,1,0,0
1489,0,1,0,0
1490,1,0,0,0
1491,0,1,0,0
1492,0,1,0,0
1493,0,0,0,1
1494,0,0,1,0
1495,0,0,1,0
1496,0,0,1,0
1497,0,0,1,0
1498,0,0,0,1
1499,1,0,0,0
1500,0,1,0,0
1501,0,0,0,1
1502,0,0,0,1
1503,1,0,0,0
1504,0,1,0,0
1505,0,0,1,0
1506,1,0,0,0
1507,0,1,0,0
1508,1,0,0,0
1509,0,0,1,0
1510,0,0,0,1
1511,1,0,0,0
1512,0,0,0,1
1513,0,1,0,0
1514,0,0,0,1
1515,0,1,0,0
1516,0,1,0,0
1517,0,0,0,1
1518,0,1,0,0
1519,1,0,0,0
1520,0,0,0,1
1521,0,0,0,1
1522,0,1,0,0
1523,0,0,0,1
1524,0,0,0,1
1525,1,0,0,0
1526,1,0,0,0
1527,1,0,0,0
1528,0,0,1,0
1529,0,0,0,1
1530,0,0,1,0
1531,1,0,0,0
1532,0,1,0,0
1533,0,0,0,1
1534,0,0,0,1
1535,1,0,0,0
1536,0,0,1,0
1537,0,0,0,1
1538,1,0,0,0
1539,0,0,0,1
1540,0,0,1,0
1541,0,0,0,1
1542,0,0,0,1
1543,0,0,1,0
1544,0,0,1,0
1545,0,0,1,0
1546,0,0,1,0
1547,0,0,0,1
1548,0,0,0,1
1549,0,0,0,1
1550,0,0,0,1
1551,0,0,0,1
1552,0,0,1,0
1553,0,0,0,1
1554,0,0,1,0
1555,0,0,0,1
1556,0,0,1,0
1557,0,1,0,0
1558,0,1,0,0
1559,0,0,0,1
1560,0,0,0,1
1561,0,0,1,0
1562,0,0,1,0
1563,0,0,0,1
1564,0,0,0,1
1565,1,0,0,0
1566,0,0,1,0
1567,0,1,0,0
1568,0,0,0,1
1569,0,0,1,0
1570,0,0,0,1
1571,0,0,0,1
1572,0,0,0,1
1573,1,0,0,0
1574,0,1,0,0
1575,0,0,0,1
1576,1,0,0,0
1577,0,0,0,1
1578,0,0,0,1
1579,0,0,0,1
1580,0,1,0,0
1581,0,0,0,1
1582,1,0,0,0
1583,1,0,0,0
1584,0,0,1,0
1585,0,1,0,0
1586,0,0,0,1
1587,0,0,0,1
1588,0,0,1,0
1589,0,0,1,0
1590,0,0,0,1
1591,0,0,0,1
1592,1,0,0,0
1593,1,0,0,0
1594,0,0,0,1
1595,1,0,0,0
1596,0,0,1,0
1597,0,0,1,0
1598,0,0,1,0
1599,0,1,0,0
1600,0,1,0,0
1601,0,0,0,1
1602,0,0,1,0
1603,0,0,0,1
1604,1,0,0,0
1605,0,0,0,1
1606,0,1,0,0
1607,0,0,1,0
1608,0,0,0,1
1609,0,0,0,1
1610,0,0,0,1
1611,0,0,1,0
1612,0,0,0,1
1613,0,0,1,0
1614,0,1,0,0
1615,0,0,0,1
1616,0,1,0,0
1617,0,0,1,0
1618,0,0,1,0
1619,0,0,0,1
1620,0,0,1,0
1621,0,0,1,0
1622,1,0,0,0
1623,0,0,0,1
1624,0,1,0,0
1625,0,0,0,1
1626,0,0,1,0
1627,0,0,0,1
1628,0,1,0,0
1629,0,0,0,1
1630,0,1,0,0
1631,0,1,0,0
1632,0,0,0,1
1633,0,1,0,0
1634,1,0,0,0
1635,1,0,0,0
1636,0,0,1,0
1637,1,0,0,0
1638,0,0,0,1
1639,0,1,0,0
1640,1,0,0,0
1641,0,0,0,1
1642,0,1,0,0
1643,1,0,0,0
1644,0,1,0,0
1645,1,0,0,0
1646,0,0,1,0
1647,0,1,0,0
1648,0,0,0,1
1649,0,0,1,0
1650,0,0,0,1
1651,0,0,0,1
1652,0,0,0,1
1653,0,0,1,0
1654,1,0,0,0
1655,0,0,0,1
1656,0,0,0,1
1657,0,1,0,0
1658,0,0,0,1
1659,0,0,0,1
1660,0,0,1,0
1661,1,0,0,0
1662,0,0,1,0
1663,1,0,0,0
1664,0,1,0,0
1665,1,0,0,0
1666,0,0,0,1
1667,0,0,0,1
1668,0,1,0,0
1669,0,1,0,0
1670,0,0,1,0
1671,1,0,0,0
1672,0,0,0,1
1673,0,0,0,1
1674,0,1,0,0
1675,0,0,1,0
1676,0,0,0,1
1677,0,0,0,1
1678,0,0,0,1
1679,0,0,0,1
1680,0,1,0,0
1681,0,0,0,1
1682,0,0,1,0
1683,0,1,0,0
1684,0,0,0,1
1685,0,1,0,0
1686,0,0,1,0
1687,1,0,0,0
1688,0,0,0,1
1689,0,0,0,1
1690,0,0,0,1
1691,0,0,1,0
1692,1,0,0,0
1693,1,0,0,0
1694,0,0,0,1
1695,0,0,0,1
1696,0,0,0,1
1697,0,0,1,0
1698,0,0,1,0
1699,0,1,0,0
1700,0,0,1,0
1701,0,1,0,0
1702,0,1,0,0
1703,0,0,0,1
1704,0,0,0,1
1705,1,0,0,0
1706,0,0,0,1
1707,0,1,0,0
1708,0,1,0,0
1709,0,1,0,0
1710,1,0,0,0
1711,0,1,0,0
1712,0,0,0,1
1713,0,1,0,0
1714,0,0,0,1
1715,1,0,0,0
1716,0,0,0,1
1717,0,0,1,0
1718,0,0,0,1
1719,1,0,0,0
1720,0,0,1,0
1721,0,1,0,0
1722,1,0,0,0
1723,0,1,0,0
1724,1,0,0,0
1725,0,0,1,0
1726,0,0,0,1
1727,1,0,0,0
1728,0,0,0,1
1729,0,0,0,1
1730,1,0,0,0
1731,0,1,0,0
1732,0,0,0,1
1733,0,1,0,0
1734,0,1,0,0
1735,0,0,0,1
1736,0,0,0,1
1737,0,0,0,1
1738,0,0,0,1
1739,0,1,0,0
1740,0,1,0,0
1741,0,0,0,1
1742,0,0,0,1
1743,0,0,0,1
1744,1,0,0,0
1745,0,0,0,1
1746,0,0,1,0
1747,0,0,1,0
1748,0,0,1,0
1749,1,0,0,0
1750,0,0,0,1
1751,0,1,0,0
1752,1,0,0,0
1753,0,0,0,1
1754,0,0,0,1
1755,1,0,0,0
1756,0,0,0,1
1757,0,0,1,0
1758,0,1,0,0
1759,0,0,0,1
1760,0,1,0,0
1761,0,0,1,0
1762,0,0,0,1
1763,0,1,0,0
1764,0,0,0,1
1765,0,0,0,1
1766,0,0,0,1
1767,0,0,0,1
1768,0,1,0,0
1769,1,0,0,0
1770,1,0,0,0
1771,0,1,0,0
1772,0,0,0,1
1773,0,0,1,0
1774,0,0,1,0
1775,0,0,1,0
1776,0,0,1,0
1777,0,0,1,0
1778,1,0,0,0
1779,0,0,0,1
1780,0,0,0,1
1781,0,0,0,1
1782,0,1,0,0
1783,0,0,0,1
1784,0,1,0,0
1785,0,0,1,0
1786,0,0,0,1
1787,0,0,0,1
1788,0,0,1,0
1789,0,0,0,1
1790,0,0,1,0
1791,0,0,0,1
1792,0,0,0,1
1793,0,1,0,0
1794,1,0,0,0
1795,0,1,0,0
1796,1,0,0,0
1797,0,1,0,0
1798,0,0,0,1
1799,0,0,0,1
1800,1,0,0,0
1801,0,0,0,1
1802,1,0,0,0
1803,0,0,0,1
1804,0,0,0,1
1805,0,0,0,1
1806,0,0,0,1
1807,0,0,1,0
1808,0,0,1,0
1809,0,0,1,0
1810,0,0,0,1
1811,0,1,0,0
1812,1,0,0,0
1813,1,0,0,0
1814,1,0,0,0
1815,0,0,0,1
1816,0,0,0,1
1817,0,0,0,1
1818,0,0,1,0
1819,0,0,1,0
1820,0,0,0,1
1821,0,1,0,0
1822,0,0,0,1
1823,1,0,0,0
1824,0,0,0,1
1825,0,0,0,1
1826,1,0,0,0
1827,0,0,0,1
1828,1,0,0,0
1829,0,0,0,1
1830,0,1,0,0
1831,0,0,0,1
1832,0,0,0,1
1833,0,0,1,0
1834,1,0,0,0
1835,0,1,0,0
1836,0,1,0,0
1837,0,1,0,0
1838,0,1,0,0
1839,0,0,0,1
1840,0,0,1,0
1841,1,0,0,0
1842,0,1,0,0
1843,0,1,0,0
1844,0,0,0,1
1845,0,0,0,1
1846,0,1,0,0
1847,0,0,1,0
1848,0,0,1,0
1849,0,0,0,1
1850,0,0,1,0
1851,0,0,0,1
1852,0,1,0,0
1853,1,0,0,0
1854,0,1,0,0
1855,0,0,0,1
1856,0,0,0,1
1857,0,1,0,0
1858,0,0,1,0
1859,0,0,1,0
1860,0,0,1,0
1861,1,0,0,0
1862,0,1,0,0
1863,0,0,0,1
1864,0,0,1,0
1865,0,0,0,1
1866,1,0,0,0
1867,0,0,0,1
1868,0,0,0,1
1869,1,0,0,0
1870,0,0,1,0
1871,0,0,0,1
1872,1,0,0,0
1873,1,0,0,0
1874,1,0,0,0
1875,0,1,0,0
1876,1,0,0,0
1877,0,0,0,1
1878,0,0,1,0
1879,0,1,0,0
1880,0,0,0,1
1881,0,0,0,1
1882,0,1,0,0
1883,0,1,0,0
1884,0,0,1,0
1885,0,0,0,1
1886,0,0,1,0
1887,0,0,0,1
1888,0,0,1,0
1889,1,0,0,0
1890,0,1,0,0
1891,0,0,0,1
1892,0,0,0,1
1893,1,0,0,0
1894,0,0,1,0
1895,1,0,0,0
1896,0,0,0,1
1897,0,0,0,1
1898,0,0,1,0
1899,0,0,0,1
1900,0,0,0,1
1901,0,0,0,1
1902,1,0,0,0
1903,0,0,1,0
1904,0,1,0,0
1905,0,1,0,0
1906,0,0,0,1
1907,0,0,0,1
1908,0,0,1,0
1909,0,1,0,0
1910,0,0,0,1
1911,0,0,1,0
1912,1,0,0,0
1913,0,1,0,0
1914,0,0,0,1
1915,0,0,0,1
1916,0,0,0,1
1917,0,0,0,1
1918,0,0,0,1
1919,1,0,0,0
1920,0,0,0,1
1921,0,0,0,1
1922,0,0,0,1
1923,0,1,0,0
1924,0,1,0,0
1925,0,1,0,0
1926,1,0,0,0
1927,1,0,0,0
1928,0,0,0,1
1929,0,0,0,1
1930,0,1,0,0
1931,0,0,0,1
1932,0,1,0,0
1933,0,0,1,0
1934,1,0,0,0
1935,0,1,0,0
1936,0,0,1,0
1937,0,0,0,1
1938,0,0,1,0
1939,0,0,0,1
1940,0,0,0,1
1941,1,0,0,0
1942,0,1,0,0
1943,0,0,0,1
1944,0,1,0,0
1945,0,0,0,1
1946,1,0,0,0
1947,0,1,0,0
1948,0,0,1,0
1949,0,1,0,0
1950,0,0,0,1
1951,0,0,1,0
1952,0,0,0,1
1953,0,0,0,1
1954,0,0,1,0
1955,1,0,0,0
1956,0,1,0,0
1957,0,0,0,1
1958,0,1,0,0
1959,0,0,1,0
1960,1,0,0,0
1961,0,0,0,1
1962,0,0,0,1
1963,0,0,0,1
1964,1,0,0,0
1965,0,0,0,1
1966,0,1,0,0
1967,0,0,0,1
1968,0,1,0,0
1969,0,0,0,1
1970,1,0,0,0
1971,0,1,0,0
1972,0,0,1,0
1973,0,1,0,0
1974,1,0,0,0
1975,0,0,0,1
1976,0,0,0,1
1977,0,0,1,0
1978,0,1,0,0
1979,0,0,0,1
1980,0,0,1,0
1981,0,0,0,1
1982,0,0,1,0
1983,0,0,0,1
1984,0,1,0,0
1985,0,0,1,0
1986,0,0,1,0
1987,0,0,1,0
1988,0,0,0,1
1989,0,1,0,0
1990,0,0,0,1
1991,0,0,1,0
1992,0,1,0,0
1993,0,1,0,0
1994,1,0,0,0
1995,0,0,1,0
1996,0,0,1,0
1997,0,1,0,0
1998,0,1,0,0
1999,1,0,0,0
2000,0,0,1,0
2001,0,1,0,0
2002,0,0,1,0
2003,0,1,0,0
2004,0,0,0,1
2005,0,0,0,1
2006,0,0,0,1
2007,0,0,0,1
2008,1,0,0,0
2009,1,0,0,0
2010,0,0,0,1
2011,0,1,0,0
2012,0,0,0,1
2013,0,1,0,0
2014,0,1,0,0
2015,0,0,0,1
2016,1,0,0,0
2017,0,0,0,1
2018,0,1,0,0
2019,0,0,0,1
2020,0,0,1,0
2021,0,0,0,1
2022,0,0,0,1
2023,0,1,0,0
2024,0,0,1,0
2025,0,0,0,1
2026,0,0,0,1
2027,0,1,0,0
2028,1,0,0,0
2029,0,0,1,0
2030,0,0,0,1
2031,0,0,0,1
2032,0,1,0,0
2033,0,0,0,1
2034,0,1,0,0
2035,0,0,1,0
2036,1,0,0,0
2037,0,0,0,1
2038,0,0,1,0
2039,0,1,0,0
2040,1,0,0,0
2041,0,0,0,1
2042,1,0,0,0
2043,0,1,0,0
2044,0,0,1,0
2045,0,0,0,1
2046,0,0,1,0
2047,0,0,1,0
2048,1,0,0,0
2049,0,1,0,0
2050,0,1,0,0
2051,1,0,0,0
2052,0,0,0,1
2053,0,0,1,0
2054,0,0,0,1
2055,1,0,0,0
2056,0,1,0,0
2057,0,1,0,0
2058,0,0,0,1
2059,0,1,0,0
2060,0,0,0,1
2061,0,0,1,0
2062,0,0,0,1
2063,1,0,0,0
2064,0,1,0,0
2065,0,1,0,0
2066,0,0,0,1
2067,0,0,0,1
2068,0,0,0,1
2069,1,0,0,0
2070,0,0,1,0
2071,0,1,0,0
2072,1,0,0,0
2073,1,0,0,0
2074,0,1,0,0
2075,1,0,0,0
2076,0,0,1,0
2077,1,0,0,0
2078,0,1,0,0
2079,0,0,0,1
2080,0,0,0,1
2081,0,0,0,1
2082,0,0,0,1
2083,0,0,1,0
2084,0,0,1,0
2085,0,0,1,0
2086,0,0,1,0
2087,1,0,0,0
2088,0,0,0,1
2089,1,0,0,0
2090,0,0,0,1
2091,1,0,0,0
2092,0,0,0,1
2093,0,0,1,0
2094,0,0,1,0
2095,0,1,0,0
2096,0,0,0,1
2097,0,0,0,1
2098,0,0,0,1
2099,0,0,0,1
2100,0,0,1,0
2101,0,1,0,0
2102,0,0,1,0
2103,0,1,0,0
2104,0,0,1,0
2105,1,0,0,0
2106,0,0,0,1
2107,0,0,0,1
2108,0,0,0,1
2109,0,0,1,0
2110,0,0,0,1
2111,0,0,1,0
2112,1,0,0,0
2113,0,0,0,1
2114,0,0,1,0
2115,0,0,0,1
2116,0,0,0,1
2117,0,0,0,1
2118,1,0,0,0
2119,1,0,0,0
2120,0,0,1,0
2121,0,0,0,1
2122,0,1,0,0
2123,1,0,0,0
2124,0,0,1,0
2125,0,1,0,0
2126,0,0,0,1
2127,0,0,1,0
2128,1,0,0,0
2129,0,0,0,1
2130,0,0,0,1
2131,0,0,1,0
2132,1,0,0,0
2133,0,1,0,0
2134,1,0,0,0
2135,1,0,0,0
2136,0,0,0,1
2137,0,0,1,0
2138,1,0,0,0
2139,0,0,0,1
2140,0,0,0,1
2141,1,0,0,0
2142,0,0,0,1
2143,0,1,0,0
2144,0,0,1,0
2145,0,0,0,1
2146,0,0,0,1
2147,1,0,0,0
2148,0,0,0,1
2149,1,0,0,0
2150,0,0,1,0
2151,1,0,0,0
2152,0,1,0,0
2153,0,0,0,1
2154,0,0,0,1
2155,0,0,0,1
2156,0,0,1,0
2157,0,1,0,0
2158,0,0,1,0
2159,0,0,0,1
2160,0,0,0,1
2161,0,0,0,1
2162,0,0,0,1
2163,0,0,1,0
2164,0,0,1,0
2165,0,0,1,0
2166,0,1,0,0
2167,0,1,0,0
2168,0,1,0,0
2169,0,1,0,0
2170,0,0,0,1
2171,0,0,0,1
2172,1,0,0,0
2173,0,1,0,0
2174,0,1,0,0
2175,0,0,0,1
2176,0,1,0,0
2177,0,0,0,1
2178,0,0,0,1
2179,0,1,0,0
2180,0,0,0,1
2181,0,1,0,0
2182,1,0,0,0
2183,0,0,0,1
2184,0,1,0,0
2185,0,0,1,0
2186,1,0,0,0
2187,0,0,0,1
2188,0,0,0,1
2189,0,0,1,0
2190,0,1,0,0
2191,0,0,1,0
2192,0,1,0,0
2193,0,0,1,0
2194,0,0,0,1
2195,0,0,0,1
2196,0,0,0,1
2197,1,0,0,0
2198,1,0,0,0
2199,1,0,0,0
2200,0,0,1,0
2201,0,0,0,1
2202,1,0,0,0
2203,0,0,0,1
2204,0,1,0,0
2205,1,0,0,0
2206,0,0,0,1
2207,0,1,0,0
2208,0,0,1,0
2209,0,0,1,0
2210,0,0,0,1
2211,0,0,0,1
2212,1,0,0,0
2213,1,0,0,0
2214,0,0,0,1
2215,0,0,0,1
2216,0,0,0,1
2217,0,0,0,1
2218,0,0,0,1
2219,0,0,1,0
2220,0,0,1,0
2221,1,0,0,0
2222,0,0,0,1
2223,0,0,1,0
2224,1,0,0,0
2225,0,1,0,0
2226,0,0,0,1
2227,0,1,0,0
2228,0,0,1,0
2229,0,1,0,0
2230,0,0,1,0
2231,0,0,1,0
2232,0,0,0,1
2233,1,0,0,0
2234,0,0,0,1
2235,0,0,0,1
2236,1,0,0,0
2237,0,0,0,1
2238,0,1,0,0
2239,0,0,0,1
2240,0,0,0,1
2241,0,0,1,0
2242,0,0,0,1
2243,0,1,0,0
2244,0,1,0,0
2245,0,1,0,0
2246,1,0,0,0
2247,0,0,1,0
2248,0,0,0,1
2249,0,0,0,1
2250,0,0,0,1
2251,0,1,0,0
2252,0,0,0,1
2253,0,0,1,0
2254,1,0,0,0
2255,0,0,1,0
2256,0,1,0,0
2257,0,0,1,0
2258,0,0,0,1
2259,0,0,0,1
2260,1,0,0,0
2261,0,0,0,1
2262,0,0,0,1
2263,0,0,1,0
2264,1,0,0,0
2265,0,1,0,0
2266,1,0,0,0
2267,1,0,0,0
2268,0,0,0,1
2269,0,1,0,0
2270,1,0,0,0
2271,0,0,0,1
2272,1,0,0,0
2273,1,0,0,0
2274,1,0,0,0
2275,1,0,0,0
2276,0,0,0,1
2277,0,0,1,0
2278,1,0,0,0
2279,0,1,0,0
2280,0,1,0,0
2281,1,0,0,0
2282,0,0,0,1
2283,0,0,0,1
2284,0,0,0,1
2285,0,0,0,1
2286,0,0,1,0
2287,0,0,0,1
2288,1,0,0,0
2289,0,0,1,0
2290,0,0,1,0
2291,1,0,0,0
2292,1,0,0,0
2293,0,0,0,1
2294,1,0,0,0
2295,0,1,0,0
2296,0,1,0,0
2297,1,0,0,0
2298,0,0,0,1
2299,0,1,0,0
2300,1,0,0,0
2301,1,0,0,0
2302,0,0,0,1
2303,1,0,0,0
2304,0,0,0,1
2305,0,1,0,0
2306,0,0,0,1
2307,0,1,0,0
2308,0,0,1,0
2309,0,0,0,1
2310,0,0,0,1
2311,0,1,0,0
2312,1,0,0,0
2313,0,0,0,1
2314,0,0,1,0
2315,1,0,0,0
2316,0,1,0,0
2317,0,0,0,1
2318,0,1,0,0
2319,0,0,0,1
2320,0,0,0,1
2321,1,0,0,0
2322,0,0,0,1
2323,0,0,0,1
2324,1,0,0,0
2325,0,0,1,0
2326,0,1,0,0
2327,0,0,1,0
2328,0,0,0,1
2329,0,0,0,1
2330,1,0,0,0
2331,0,1,0,0
2332,0,1,0,0
2333,0,0,1,0
2334,0,1,0,0
2335,0,1,0,0
2336,1,0,0,0
2337,1,0,0,0
2338,1,0,0,0
2339,1,0,0,0
2340,0,0,1,0
2341,0,0,0,1
2342,1,0,0,0
2343,0,0,0,1
2344,0,0,0,1
2345,1,0,0,0
2346,0,0,0,1
2347,0,1,0,0
2348,0,1,0,0
2349,0,1,0,0
2350,0,0,1,0
2351,0,0,0,1
2352,0,0,1,0
2353,0,0,0,1
2354,0,0,1,0
2355,0,1,0,0
2356,0,0,0,1
2357,0,1,0,0
2358,0,0,0,1
2359,1,0,0,0
2360,1,0,0,0
2361,0,0,0,1
2362,1,0,0,0
2363,0,0,1,0
2364,1,0,0,0
2365,0,0,1,0
2366,1,0,0,0
2367,0,0,0,1
2368,0,1,0,0
2369,0,1,0,0
2370,0,0,0,1
2371,0,1,0,0
2372,0,0,0,1
2373,0,0,0,1
2374,0,0,0,1
2375,0,0,0,1
2376,0,0,0,1
2377,1,0,0,0
2378,1,0,0,0
2379,1,0,0,0
2380,0,1,0,0
2381,0,0,0,1
2382,0,1,0,0
2383,1,0,0,0
2384,0,0,0,1
2385,0,1,0,0
2386,0,0,0,1
2387,0,1,0,0
2388,0,0,0,1
2389,1,0,0,0
2390,0,0,0,1
2391,0,0,1,0
2392,1,0,0,0
2393,0,0,1,0
2394,0,1,0,0
2395,0,0,1,0
2396,0,0,0,1
2397,0,0,0,1
2398,0,0,0,1
2399,0,0,0,1
2400,0,0,1,0
2401,0,0,0,1
2402,1,0,0,0
2403,0,0,1,0
2404,0,0,0,1
2405,0,0,1,0
2406,0,0,0,1
2407,0,1,0,0
2408,0,0,0,1
2409,0,0,1,0
2410,0,1,0,0
2411,0,1,0,0
2412,0,0,0,1
2413,0,0,0,1
2414,0,0,1,0
2415,0,0,0,1
2416,0,0,0,1
2417,0,0,1,0
2418,1,0,0,0
2419,0,0,0,1
2420,0,0,1,0
2421,0,0,0,1
2422,0,0,1,0
2423,1,0,0,0
2424,0,0,0,1
2425,0,0,1,0
2426,0,0,1,0
2427,0,0,1,0
2428,0,0,0,1
2429,0,0,0,1
2430,1,0,0,0
2431,0,0,0,1
2432,0,0,0,1
2433,0,0,0,1
2434,0,1,0,0
2435,0,1,0,0
2436,0,0,0,1
2437,0,0,0,1
2438,0,0,1,0
2439,0,1,0,0
2440,0,0,0,1
2441,0,1,0,0
2442,0,0,0,1
2443,0,0,1,0
2444,1,0,0,0
2445,1,0,0,0
2446,0,0,0,1
2447,0,0,1,0
2448,0,0,0,1
2449,1,0,0,0
2450,1,0,0,0
2451,0,1,0,0
2452,1,0,0,0
2453,1,0,0,0
2454,0,1,0,0
2455,0,1,0,0
2456,1,0,0,0
2457,0,1,0,0
2458,0,0,0,1
2459,0,1,0,0
2460,0,0,0,1
2461,0,0,0,1
2462,1,0,0,0
2463,1,0,0,0
2464,0,0,0,1
2465,0,0,1,0
2466,0,0,1,0
2467,0,0,0,1
2468,1,0,0,0
2469,0,0,1,0
2470,1,0,0,0
2471,0,1,0,0
2472,1,0,0,0
2473,0,0,0,1
2474,1,0,0,0
2475,0,0,1,0
2476,1,0,0,0
2477,0,1,0,0
2478,0,0,0,1
2479,1,0,0,0
2480,0,0,0,1
2481,0,0,0,1
2482,1,0,0,0
2483,0,0,0,1
2484,0,0,0,1
2485,1,0,0,0
2486,0,0,0,1
2487,0,0,1,0
2488,0,0,0,1
2489,0,0,0,1
2490,0,0,0,1
2491,1,0,0,0
2492,1,0,0,0
2493,0,0,0,1
2494,0,1,0,0
2495,0,1,0,0
2496,0,0,0,1
2497,0,0,0,1
2498,0,0,0,1
2499,1,0,0,0
2500,0,0,0,1
2501,0,0,0,1
2502,0,1,0,0
2503,0,0,0,1
2504,1,0,0,0
2505,0,0,1,0
2506,0,0,0,1
2507,0,1,0,0
2508,1,0,0,0
2509,0,1,0,0
2510,0,0,0,1
2511,0,0,0,1
2512,0,0,0,1
2513,0,0,0,1
2514,0,0,0,1
2515,1,0,0,0
2516,0,0,1,0
2517,0,0,0,1
2518,0,0,0,1
2519,0,0,0,1
2520,1,0,0,0
2521,0,1,0,0
2522,0,0,0,1
2523,1,0,0,0
2524,0,1,0,0
2525,0,0,0,1
2526,0,0,1,0
2527,1,0,0,0
2528,0,1,0,0
2529,0,0,0,1
2530,0,0,0,1
2531,1,0,0,0
2532,0,1,0,0
2533,0,0,0,1
2534,0,0,0,1
2535,0,0,0,1
2536,0,1,0,0
2537,0,0,0,1
2538,0,0,1,0
2539,0,1,0,0
2540,0,1,0,0
2541,0,0,1,0
2542,0,1,0,0
2543,0,0,0,1
2544,0,1,0,0
2545,1,0,0,0
2546,1,0,0,0
2547,0,0,0,1
2548,0,1,0,0
2549,0,0,0,1
2550,1,0,0,0
2551,1,0,0,0
2552,0,0,0,1
2553,0,0,0,1
2554,1,0,0,0
2555,0,0,0,1
2556,1,0,0,0
2557,1,0,0,0
2558,0,0,0,1
2559,1,0,0,0
2560,0,0,1,0
2561,0,0,1,0
2562,0,1,0,0
2563,1,0,0,0
2564,0,1,0,0
2565,0,0,1,0
2566,0,0,0,1
2567,1,0,0,0
2568,1,0,0,0
2569,0,1,0,0
2570,1,0,0,0
2571,0,0,0,1
2572,1,0,0,0
2573,0,1,0,0
2574,1,0,0,0
2575,1,0,0,0
2576,0,0,0,1
2577,0,0,0,1
2578,0,0,0,1
2579,0,0,1,0
2580,0,1,0,0
2581,0,0,1,0
2582,0,1,0,0
2583,0,0,0,1
2584,0,0,0,1
2585,0,0,0,1
2586,1,0,0,0
2587,0,1,0,0
2588,1,0,0,0
2589,0,1,0,0
2590,0,1,0,0
2591,0,0,0,1
2592,0,0,0,1
2593,0,0,0,1
2594,0,0,0,1
2595,0,0,0,1
2596,0,0,1,0
2597,1,0,0,0
2598,0,0,0,1
2599,0,0,0,1
2600,0,0,0,1
2601,1,0,0,0
2602,0,0,0,1
2603,0,1,0,0
2604,0,0,0,1
2605,0,0,0,1
2606,0,0,0,1
2607,1,0,0,0
2608,0,0,0,1
2609,1,0,0,0
2610,1,0,0,0
2611,0,0,0,1
2612,0,0,0,1
2613,0,0,0,1
2614,0,1,0,0
2615,0,1,0,0
2616,0,0,0,1
2617,1,0,0,0
2618,1,0,0,0
2619,0,0,1,0
2620,0,1,0,0
2621,0,0,0,1
2622,0,0,0,1
2623,0,0,1,0
2624,0,0,0,1
2625,0,1,0,0
2626,1,0,0,0
2627,0,0,0,1
2628,0,0,0,1
2629,0,0,0,1
2630,1,0,0,0
2631,0,0,0,1
2632,0,1,0,0
2633,0,0,1,0
2634,1,0,0,0
2635,0,0,0,1
2636,0,0,0,1
2637,0,0,0,1
2638,0,0,1,0
2639,0,0,1,0
2640,1,0,0,0
2641,0,0,0,1
2642,0,0,0,1
2643,0,0,1,0
2644,0,1,0,0
2645,0,0,1,0
2646,0,0,1,0
2647,1,0,0,0
2648,0,1,0,0
2649,0,0,1,0
2650,0,0,0,1
2651,1,0,0,0
2652,0,0,0,1
2653,0,0,0,1
2654,0,0,1,0
2655,0,1,0,0
2656,0,0,0,1
2657,0,0,0,1
2658,0,0,1,0
2659,0,0,0,1
2660,0,0,0,1
2661,0,0,0,1
2662,0,1,0,0
2663,1,0,0,0
2664,1,0,0,0
2665,0,0,0,1
2666,0,0,0,1
2667,1,0,0,0
2668,0,0,0,1
2669,0,0,1,0
2670,0,0,0,1
2671,0,1,0,0
2672,0,1,0,0
2673,0,0,0,1
2674,0,0,0,1
2675,0,1,0,0
2676,0,0,0,1
2677,0,0,1,0
2678,0,0,0,1
2679,0,1,0,0
2680,0,0,0,1
2681,0,0,0,1
2682,0,1,0,0
2683,0,1,0,0
2684,0,0,0,1
2685,0,0,1,0
2686,0,0,0,1
2687,0,1,0,0
2688,0,0,0,1
2689,0,1,0,0
2690,0,0,1,0
2691,0,0,0,1
2692,1,0,0,0
2693,0,0,0,1
2694,0,0,0,1
2695,0,0,0,1
2696,1,0,0,0
2697,0,0,0,1
2698,1,0,0,0
2699,0,0,1,0
2700,0,0,0,1
2701,0,1,0,0
2702,0,1,0,0
2703,0,1,0,0
2704,0,0,1,0
2705,0,0,0,1
2706,1,0,0,0
2707,0,0,0,1
2708,0,1,0,0
2709,0,0,0,1
2710,0,0,0,1
2711,0,0,0,1
2712,0,0,0,1
2713,0,0,1,0
2714,1,0,0,0
2715,0,0,0,1
2716,1,0,0,0
2717,0,0,0,1
2718,1,0,0,0
2719,1,0,0,0
2720,0,0,0,1
2721,0,0,0,1
2722,0,0,0,1
2723,0,1,0,0
2724,1,0,0,0
2725,0,0,1,0
2726,0,1,0,0
2727,0,0,0,1
2728,0,0,0,1
2729,0,0,1,0
2730,0,0,0,1
2731,0,0,0,1
2732,1,0,0,0
2733,0,0,0,1
2734,1,0,0,0
2735,0,0,0,1
2736,1,0,0,0
2737,1,0,0,0
2738,0,1,0,0
2739,0,0,0,1
2740,0,0,1,0
2741,1,0,0,0
2742,0,0,1,0
2743,0,0,1,0
2744,0,1,0,0
2745,1,0,0,0
2746,0,1,0,0
2747,1,0,0,0
2748,0,0,1,0
2749,0,1,0,0
2750,1,0,0,0
2751,0,0,0,1
2752,0,0,1,0
2753,0,1,0,0
2754,0,0,0,1
2755,0,0,0,1
2756,0,0,1,0
2757,0,1,0,0
2758,0,0,0,1
2759,0,0,0,1
2760,0,0,0,1
2761,0,1,0,0
2762,0,1,0,0
2763,0,0,1,0
2764,0,0,0,1
2765,0,0,0,1
2766,0,0,0,1
2767,0,0,0,1
2768,1,0,0,0
2769,0,1,0,0
2770,0,0,1,0
2771,0,0,0,1
2772,0,0,1,0
2773,0,1,0,0
2774,0,0,1,0
2775,1,0,0,0
2776,0,0,0,1
2777,1,0,0,0
2778,0,0,0,1
2779,1,0,0,0
2780,0,0,1,0
2781,0,1,0,0
2782,0,1,0,0
2783,0,1,0,0
2784,0,0,0,1
2785,0,1,0,0
2786,0,0,0,1
2787,0,0,1,0
2788,1,0,0,0
2789,1,0,0,0
2790,0,0,1,0
2791,0,1,0,0
2792,0,0,1,0
2793,0,0,0,1
2794,0,0,0,1
2795,0,0,1,0
2796,1,0,0,0
2797,0,1,0,0
2798,0,0,0,1
2799,1,0,0,0
2800,0,0,0,1
2801,0,1,0,0
2802,0,0,0,1
2803,0,0,0,1
2804,1,0,0,0
2805,0,0,0,1
2806,0,1,0,0
2807,0,1,0,0
2808,0,0,0,1
2809,0,0,0,1
2810,0,0,0,1
2811,0,1,0,0
2812,0,0,0,1
2813,0,0,1,0
2814,0,0,0,1
2815,0,0,0,1
2816,0,0,0,1
2817,0,1,0,0
2818,1,0,0,0
2819,0,0,0,1
2820,1,0,0,0
2821,0,0,1,0
2822,1,0,0,0
2823,1,0,0,0
2824,0,0,0,1
2825,1,0,0,0
2826,0,1,0,0
2827,0,0,0,1
2828,0,0,0,1
2829,0,0,1,0
2830,0,1,0,0
2831,0,0,1,0
2832,0,0,1,0
2833,0,0,0,1
2834,0,0,0,1
2835,0,0,1,0
2836,0,0,1,0
2837,1,0,0,0
2838,1,0,0,0
2839,1,0,0,0
2840,0,0,0,1
2841,0,0,1,0
2842,0,0,0,1
2843,0,0,0,1
2844,0,0,0,1
2845,0,0,1,0
2846,1,0,0,0
2847,0,1,0,0
2848,0,0,0,1
2849,1,0,0,0
2850,0,0,0,1
2851,0,1,0,0
2852,0,0,0,1
2853,1,0,0,0
2854,0,1,0,0
2855,0,1,0,0
2856,0,0,1,0
2857,0,0,0,1
2858,0,0,0,1
2859,0,0,0,1
2860,1,0,0,0
2861,0,0,0,1
2862,0,0,0,1
2863,0,0,0,1
2864,0,0,0,1
2865,1,0,0,0
2866,1,0,0,0
2867,0,0,1,0
2868,1,0,0,0
2869,1,0,0,0
2870,0,1,0,0
2871,0,0,0,1
2872,0,0,0,1
2873,1,0,0,0
2874,0,0,1,0
2875,0,0,1,0
2876,0,1,0,0
2877,0,1,0,0
2878,0,0,0,1
2879,0,0,0,1
2880,0,0,0,1
2881,1,0,0,0
2882,1,0,0,0
2883,0,0,0,1
2884,0,1,0,0
2885,0,0,1,0
2886,0,0,0,1
2887,0,0,1,0
2888,0,1,0,0
2889,0,0,0,1
2890,0,1,0,0
2891,0,1,0,0
2892,1,0,0,0
2893,1,0,0,0
2894,1,0,0,0
2895,0,0,0,1
2896,0,1,0,0
2897,0,0,0,1
2898,0,0,0,1
2899,0,0,0,1
2900,0,0,0,1
2901,1,0,0,0
2902,1,0,0,0
2903,0,0,1,0
2904,0,0,1,0
2905,0,0,0,1
2906,0,1,0,0
2907,1,0,0,0
2908,0,0,0,1
2909,0,1,0,0
2910,1,0,0,0
2911,0,0,1,0
2912,0,0,1,0
2913,0,0,0,1
2914,0,0,0,1
2915,0,1,0,0
2916,1,0,0,0
2917,0,1,0,0
2918,0,0,0,1
2919,0,0,1,0
2920,0,1,0,0
2921,0,0,0,1
2922,1,0,0,0
2923,0,0,0,1
2924,0,0,0,1
2925,0,0,0,1
2926,0,0,1,0
2927,0,0,1,0
2928,0,0,0,1
2929,0,0,0,1
2930,0,0,0,1
2931,0,0,0,1
2932,0,0,1,0
2933,0,0,1,0
2934,0,1,0,0
2935,0,0,0,1
2936,1,0,0,0
2937,0,1,0,0
2938,0,1,0,0
2939,0,0,0,1
2940,0,0,0,1
2941,0,0,0,1
2942,1,0,0,0
2943,0,0,0,1
2944,0,1,0,0
2945,1,0,0,0
2946,0,0,0,1
2947,0,0,0,1
2948,0,0,0,1
2949,1,0,0,0
2950,0,0,0,1
2951,0,0,1,0
2952,0,0,0,1
2953,0,0,1,0
2954,0,0,0,1
2955,0,0,1,0
2956,0,0,1,0
2957,0,0,0,1
2958,0,1,0,0
2959,1,0,0,0
2960,0,0,1,0
2961,0,0,0,1
2962,0,1,0,0
2963,0,0,0,1
2964,1,0,0,0
2965,0,1,0,0
2966,0,0,0,1
2967,1,0,0,0
2968,1,0,0,0
2969,0,0,1,0
2970,1,0,0,0
2971,0,1,0,0
2972,0,1,0,0
2973,0,1,0,0
2974,0,0,0,1
2975,0,0,0,1
2976,0,1,0,0
2977,0,0,0,1
2978,0,0,0,1
2979,0,1,0,0
2980,0,0,0,1
2981,0,0,1,0
2982,0,1,0,0
2983,0,1,0,0
2984,0,0,0,1
2985,0,0,1,0
2986,1,0,0,0
2987,0,0,1,0
2988,1,0,0,0
2989,0,0,0,1
2990,0,0,0,1
2991,0,0,0,1
2992,0,1,0,0
2993,1,0,0,0
2994,0,0,1,0
2995,0,0,0,1
2996,0,0,1,0
2997,0,1,0,0
2998,0,0,0,1
2999,1,0,0,0
3000,1,0,0,0
